,utility,fairness,min_utility,objective,variance,beta,base_beta
0,992.72,-150.60634668373558,1.16,992.72,16286.2968,0.0,0.0
1,1053.04,-170.09555444102708,0.6,1033.9810559999999,19058.944000000003,0.001,0.0
2,1024.3,-166.8510386469939,0.28,987.4564851999999,18421.7574,0.002,0.0
3,1066.4,-187.9227772851729,1.0,1002.5609144,21279.695199999995,0.003,0.0
4,980.48,-158.1654384832261,1.34,912.0807279999999,17099.818,0.004,0.0
5,981.44,-145.1981011264303,1.28,902.8203739999999,15723.9252,0.005,0.0
6,1027.42,-162.6330008214496,0.84,920.6529747999999,17794.5042,0.006,0.0
7,1064.88,-177.37030948648606,0.16,925.1012392,19968.394399999997,0.007000000000000001,0.0
8,1023.78,-169.36594503522068,1.12,873.1488879999998,18828.889,0.008,0.0
9,1003.74,-160.72637232184036,1.08,845.4996438,17582.2618,0.009000000000000001,0.0
10,1020.92,-170.57339264573744,0.74,834.364924,18655.5076,0.01,0.0
11,1042.76,-165.3958624103948,1.12,670.4060240000002,18617.6988,0.02,0.0
12,967.06,-152.5188734078363,1.0,476.60876200000007,16348.374600000003,0.03,0.0
13,1015.48,-164.79056935820984,1.4,259.32942399999996,18903.7644,0.04,0.0
14,1002.72,-161.0678056402263,1.94,105.22185999999998,17949.9628,0.04999999999999999,0.0
15,975.1,-133.8066293678547,1.72,95.15853999999997,14665.691,0.06,0.0
16,1008.1,-150.73070922797828,0.7,-174.83029400000004,16899.0042,0.07,0.0
17,958.72,-130.28533175739312,1.82,-131.66259200000005,13629.782400000002,0.08,0.0
18,852.04,-91.21411017612031,3.76,31.025800000000025,9122.38,0.08999999999999998,0.0
19,886.82,-103.47171610123823,2.64,-140.03862,10268.5862,0.09999999999999998,0.0
20,742.5,-44.47504425577416,6.22,11.131639999999958,3656.8418,0.19999999999999996,0.0
21,684.46,-30.361915941539017,12.28,-48.92594000000012,2444.6198,0.30000000000000004,0.0
22,626.28,-17.300760124552593,17.28,139.80879999999996,1216.178,0.3999999999999999,0.0
23,617.02,-10.145908811738098,28.1,292.58889999999997,648.8622,0.5,0.0
24,589.88,-9.611651900968903,27.4,221.2644799999999,614.3592000000001,0.6000000000000001,0.0
25,557.56,-4.837654634301406,34.64,372.00231999999994,265.0824,0.7000000000000002,0.0
26,562.56,-2.021468678317725,42.84,479.07775999999996,104.35279999999999,0.7999999999999998,0.0
27,513.42,-2.3912951816186663,40.7,411.84293999999994,112.8634,0.9,0.0
28,537.4,-0.7440774989427029,47.52,502.6748,34.7252,1.0,0.0
29,521.84,-0.0043564462874078665,51.62,521.424,0.20800000000000002,2.0,0.0
30,333.42,-0.08430658534726967,32.64,330.311,0.6217999999999999,5.0,0.0
31,244.76,-0.2333658177279835,23.2,226.20399999999998,1.8555999999999997,10.0,0.0
32,1224.06,-239.82916444149902,0.0,1224.06,29378.751000000004,0.0,0.001
33,1237.26,-244.44174502915146,0.0,1206.9911430000002,30268.857000000004,0.001,0.001
34,1228.26,-238.82130089100264,0.0,1169.5387188,29360.6406,0.002,0.001
35,1224.6,-238.17905973426497,0.0,1137.036816,29187.728000000003,0.003,0.001
36,1227.84,-239.69329045863108,0.0,1110.012872,29456.782000000003,0.004,0.001
37,1229.14,-239.14390994010483,0.02,1081.9663549999998,29434.729,0.005,0.001
38,1231.02,-240.82916038339334,0.02,1053.0424692000001,29662.921799999996,0.006,0.001
39,1227.6,-240.0704722201595,0.0,1021.1711396000001,29489.837199999998,0.007000000000000001,0.001
40,1223.36,-236.75035565996595,0.0,991.4959072,28983.0116,0.008,0.001
41,1231.88,-240.89917043073308,0.0,964.6481480000001,29692.428,0.009000000000000001,0.001
42,1230.5,-237.10382173751452,0.06,938.300306,29219.969400000005,0.01,0.001
43,1227.2,-236.77910673162287,0.02,645.7130719999999,29074.346400000002,0.02,0.001
44,1237.06,-243.03950167349456,0.0,334.59761800000007,30082.079399999995,0.03,0.001
45,1236.8,-238.9166345366037,0.0,54.077839999999966,29568.054,0.04,0.001
46,1230.36,-236.53038324303182,0.0,-225.62176000000017,29119.635200000004,0.04999999999999999,0.001
47,1234.86,-238.12497877463565,0.0,-530.940492,29430.008199999997,0.06,0.001
48,1227.58,-236.04406417999698,0.0,-802.6174420000003,29002.820599999995,0.07,0.001
49,1227.38,-233.0551809589329,0.02,-1063.857936,28640.4742,0.08,0.001
50,1221.2,-228.90366346400538,0.02,-1297.9268199999997,27990.298,0.08999999999999998,0.001
51,1193.82,-218.67282544790746,0.0,-1427.6966200000002,26215.166199999996,0.09999999999999998,0.001
52,1091.54,-158.55731873318345,0.56,-2412.82844,17521.842200000003,0.19999999999999996,0.001
53,993.46,-118.28920069677555,1.84,-2581.5380600000003,11916.6602,0.30000000000000004,0.001
54,907.44,-86.92659370563811,3.0,-2293.4312000000004,8002.177999999999,0.3999999999999999,0.001
55,812.22,-58.15399579203563,8.14,-1622.9494999999997,4870.339,0.5,0.001
56,742.76,-37.57303845591694,9.2,-963.9690400000003,2844.5484,0.6000000000000001,0.001
57,696.24,-19.846390643159385,23.74,-296.1421600000001,1417.6888000000001,0.7000000000000002,0.001
58,662.92,-10.076427217100964,39.58,113.65663999999997,686.5792,0.7999999999999998,0.001
59,648.02,-8.299134497528714,39.54,138.8045,565.7950000000001,0.9,0.001
60,654.38,-5.118815499147938,45.82,319.4278,334.95220000000006,1.0,0.001
61,457.2,-2.1426394120525982,39.46,306.3272,75.43639999999999,2.0,0.001
62,201.64,-4.214958475927719,11.06,-49.41399999999998,50.21079999999999,5.0,0.001
63,131.24,-5.288675540421907,4.72,-476.796,60.803599999999996,10.0,0.001
64,1242.5,-265.39869068211965,0.12,1242.5,33142.271,0.0,0.01
65,1235.1,-267.6062466981345,0.18,1201.8942266,33205.7734,0.001,0.01
66,1243.82,-267.3687756246579,0.0,1177.1250244,33347.487799999995,0.002,0.01
67,1242.94,-265.6976587515771,0.1,1143.475849,33154.717,0.003,0.01
68,1244.12,-266.87247509451305,0.08,1110.6676016,33363.0996,0.004,0.01
69,1250.5,-270.8638674355791,0.0,1081.050849,33889.8302,0.005,0.01
70,1251.18,-270.5404954779582,0.0,1047.9060875999999,33878.9854,0.006,0.01
71,1251.14,-270.6467171640331,0.0,1013.7408982,33914.1574,0.007000000000000001,0.01
72,1248.38,-266.5476266936284,0.0,981.9795024,33300.06219999999,0.008,0.01
73,1218.76,-259.0517672754412,1.0,929.2770519999999,32164.771999999997,0.009000000000000001,0.01
74,1249.98,-268.83429729060686,0.04,913.539394,33644.0606,0.01,0.01
75,1248.8,-268.930683339443,0.02,576.1529999999999,33632.350000000006,0.02,0.01
76,1251.5,-272.0088362094847,0.06,228.835694,34088.8102,0.03,0.01
77,1244.06,-266.88927589928664,0.0,-84.66960800000004,33218.24020000001,0.04,0.01
78,1226.04,-258.65152833522427,0.48,-368.29342000000014,31886.668400000002,0.04999999999999999,0.01
79,1229.42,-266.836681082397,0.12,-746.27746,32928.291,0.06,0.01
80,1242.94,-260.9333658518492,0.12,-1035.8806980000002,32554.581400000006,0.07,0.01
81,1235.88,-260.6867595157087,0.32,-1354.2421120000001,32376.526400000002,0.08,0.01
82,1238.62,-263.98749242750256,0.1,-1712.4006739999998,32789.1186,0.08999999999999998,0.01
83,1205.56,-249.8195982881945,0.44,-1842.12616,30476.8616,0.09999999999999998,0.01
84,934.12,-122.78591252785455,9.62,-1499.1088800000005,12166.1444,0.19999999999999996,0.01
85,833.66,-75.47307640906627,18.32,-1069.5368200000003,6343.989399999999,0.30000000000000004,0.01
86,746.82,-55.21453827455762,22.78,-898.46888,4113.2222,0.3999999999999999,0.01
87,718.64,-35.07277583000249,30.34,-545.9612,2529.2024,0.5,0.01
88,690.14,-20.53142918967687,36.14,-146.94244000000015,1395.1374000000003,0.6000000000000001,0.01
89,652.12,-13.154557489317112,37.76,57.23703999999995,849.8328000000001,0.7000000000000002,0.01
90,622.38,-6.749884844148917,44.34,302.51968,399.8254,0.7999999999999998,0.01
91,651.56,-2.133365788742148,54.66,545.5796,117.75599999999999,0.9,0.01
92,617.84,-2.882424939461054,52.36,477.19840000000005,140.64159999999998,1.0,0.01
93,615.64,-0.42527296567894884,60.48,605.5304000000001,5.0548,2.0,0.01
94,274.28,-0.5381737366678893,25.94,249.96000000000004,4.864,5.0,0.01
95,211.4,-1.1819064219213515,19.34,132.50799999999998,7.8892,10.0,0.01
96,1165.3,-241.76963057345878,0.32,1165.3,28536.235800000002,0.0,0.04999999999999999
97,1187.92,-249.7084116032269,0.06,1158.0330808,29886.9192,0.001,0.04999999999999999
98,1179.9,-247.96134020870278,0.04,1121.0259748,29437.0126,0.002,0.04999999999999999
99,1186.32,-251.32369503556092,0.16,1096.2482952,30023.901599999994,0.003,0.04999999999999999
100,1184.72,-243.34539500386126,0.14,1067.9506528,29192.336799999997,0.004,0.04999999999999999
101,1172.9,-240.28854094004544,0.16,1029.7745810000001,28625.0838,0.005,0.04999999999999999
102,1175.82,-244.62034693468988,0.1,1001.9455812,28979.0698,0.006,0.04999999999999999
103,1191.04,-251.53360588380121,0.1,979.5746283999999,30209.338799999994,0.007000000000000001,0.04999999999999999
104,1182.86,-249.24208742790535,0.12,945.4087279999999,29681.409000000003,0.008,0.04999999999999999
105,1180.3,-248.66775691010008,0.06,913.1336265999998,29685.152599999998,0.009000000000000001,0.04999999999999999
106,1175.04,-250.1141857732883,0.2,878.836504,29620.3496,0.01,0.04999999999999999
107,1193.48,-254.67989506572667,0.18,582.056192,30571.190399999996,0.02,0.04999999999999999
108,1161.42,-241.68385414693347,0.22,309.376218,28401.459400000003,0.03,0.04999999999999999
109,1145.46,-235.4782287456529,0.42,53.015816,27311.1046,0.04,0.04999999999999999
110,1130.1,-223.76869853802324,1.16,-151.57783000000003,25633.556599999996,0.04999999999999999,0.04999999999999999
111,1116.16,-218.82580785639962,1.52,-372.5661679999999,24812.102799999997,0.06,0.04999999999999999
112,1096.1,-210.4984276170771,2.68,-556.1350460000002,23603.3578,0.07,0.04999999999999999
113,1079.46,-210.27868465632844,3.34,-770.68008,23126.751,0.08,0.04999999999999999
114,1028.8,-187.18963624192514,4.92,-738.1712959999999,19633.014399999996,0.08999999999999998,0.04999999999999999
115,1052.12,-194.15089233524478,4.86,-1035.7574800000002,20878.7748,0.09999999999999998,0.04999999999999999
116,897.94,-98.70584862291247,14.46,-947.975,9229.575,0.19999999999999996,0.04999999999999999
117,875.2,-42.15760687975799,32.4,-243.87032000000022,3730.2344000000007,0.30000000000000004,0.04999999999999999
118,873.32,-18.341176495836642,50.1,228.34543999999994,1612.4364,0.3999999999999999,0.04999999999999999
119,875.08,-14.858985132450195,55.66,235.57399999999998,1279.012,0.5,0.04999999999999999
120,832.62,-9.73476531112069,59.26,348.10115999999994,807.5314,0.6000000000000001,0.04999999999999999
121,860.52,-9.268607306261162,65.42,304.42207999999994,794.4255999999998,0.7000000000000002,0.04999999999999999
122,879.32,-5.786012786585783,69.86,472.4201599999999,508.62480000000005,0.7999999999999998,0.04999999999999999
123,899.62,-4.633745482901698,75.1,526.9856199999999,414.0381999999999,0.9,0.04999999999999999
124,903.7,-3.8733583811312746,76.8,558.477,345.22299999999996,1.0,0.04999999999999999
125,875.14,-0.18582800914841685,84.86,843.5188,15.8106,2.0,0.04999999999999999
126,338.94,-0.18966293665401832,31.22,308.01099999999997,6.1858,5.0,0.04999999999999999
127,64.24,-0.11345369488083974,5.42,56.92,0.732,10.0,0.04999999999999999
128,1208.38,-213.435922236833,0.0,1208.38,26111.695,0.0,0.09999999999999998
129,1217.72,-214.6112867156974,0.02,1191.4680216,26251.9784,0.001,0.09999999999999998
130,1228.52,-215.34813056321514,0.06,1175.4111544,26554.422800000004,0.002,0.09999999999999998
131,1192.1,-201.84384597833193,0.84,1118.1760490000001,24641.316999999995,0.003,0.09999999999999998
132,1202.82,-205.6690786605471,0.12,1102.9209543999998,24974.761399999996,0.004,0.09999999999999998
133,1187.38,-195.2863312004191,0.1,1068.770217,23721.9566,0.005,0.09999999999999998
134,1217.12,-213.93618124784516,0.0,1059.9472256,26195.462399999997,0.006,0.09999999999999998
135,1202.48,-209.06851055956747,0.14,1023.4922624000001,25569.6768,0.007000000000000001,0.09999999999999998
136,1193.86,-207.72393196036813,0.28,991.6856015999999,25271.7998,0.008,0.09999999999999998
137,1191.94,-202.04028946795734,0.62,969.0637606000001,24764.0266,0.009000000000000001,0.09999999999999998
138,1193.32,-197.67511286970603,0.16,953.318532,24000.146800000002,0.01,0.09999999999999998
139,1178.44,-191.28292318911107,0.78,712.0685520000001,23318.572399999997,0.02,0.09999999999999998
140,1189.76,-197.2055358544563,0.08,474.88699999999994,23829.1,0.03,0.09999999999999998
141,1153.52,-188.0702996741594,0.82,244.19478399999997,22733.130400000002,0.04,0.09999999999999998
142,1149.56,-183.14212278568863,0.6,50.592039999999955,21979.359200000003,0.04999999999999999,0.09999999999999998
143,1158.36,-183.17629636193752,0.7,-164.89509599999994,22054.251599999992,0.06,0.09999999999999998
144,1109.66,-163.26479519212597,2.42,-254.36981400000008,19486.1402,0.07,0.09999999999999998
145,1118.84,-162.96991562842334,1.94,-426.04208,19311.026,0.08,0.09999999999999998
146,1091.6,-156.38969892391552,3.44,-544.22884,18175.876,0.08999999999999998,0.09999999999999998
147,1094.88,-157.23034643123663,1.66,-723.6766800000001,18185.5668,0.09999999999999998,0.09999999999999998
148,974.46,-102.27778910276456,9.68,-1276.1871600000002,11253.2358,0.19999999999999996,0.09999999999999998
149,859.1,-58.65032187728954,20.4,-943.1151400000003,6007.3838,0.30000000000000004,0.09999999999999998
150,765.94,-35.07707539790035,30.94,-576.0189600000001,3354.8974000000003,0.3999999999999999,0.09999999999999998
151,724.92,-8.787049022550315,52.84,367.3075999999999,715.2248,0.5,0.09999999999999998
152,712.2,-2.5672209450059413,58.64,612.50808,166.1532,0.6000000000000001,0.09999999999999998
153,741.36,-0.9102214859872853,68.7,697.5794799999999,62.54359999999999,0.7000000000000002,0.09999999999999998
154,733.76,-0.726371057131119,69.1,692.7718400000001,51.23519999999999,0.7999999999999998,0.09999999999999998
155,646.22,-0.4387066137751517,60.26,624.2385800000001,24.423799999999996,0.9,0.09999999999999998
156,611.44,-0.30438490843022953,57.08,593.4132,18.0268,1.0,0.09999999999999998
157,446.2,-0.3286246964795425,41.6,416.12800000000004,15.036000000000001,2.0,0.09999999999999998
158,372.52,-0.11726923720236371,35.46,350.40200000000004,4.4236,5.0,0.09999999999999998
159,343.3,-0.20526235761486922,31.94,277.166,6.6133999999999995,10.0,0.09999999999999998
160,1236.86,-251.72671579678018,0.0,1236.86,31140.126200000002,0.0,0.19999999999999996
161,1220.0,-239.3941654065385,0.04,1190.4630524,29536.9476,0.001,0.19999999999999996
162,1235.96,-241.56782112964046,0.0,1176.2278888000003,29866.0556,0.002,0.19999999999999996
163,1236.68,-245.9296027545415,0.0,1145.4385280000001,30413.824000000004,0.003,0.19999999999999996
164,1220.86,-238.86591680390563,0.26,1102.9288728000001,29482.7818,0.004,0.19999999999999996
165,1226.58,-235.04763507406744,0.16,1080.782821,29159.4358,0.005,0.19999999999999996
166,1235.44,-241.15549238458993,0.02,1055.7411447999998,29949.8092,0.006,0.19999999999999996
167,1234.16,-238.79317932808343,0.0,1027.1167103999999,29577.6128,0.007000000000000001,0.19999999999999996
168,1250.68,-246.4832216526932,0.0,1004.0576159999999,30827.798,0.008,0.19999999999999996
169,1235.46,-245.58593702583724,0.0,962.3457209999998,30346.031000000003,0.009000000000000001,0.19999999999999996
170,1236.4,-244.5555669704024,0.0,933.790788,30260.921199999997,0.01,0.19999999999999996
171,1228.76,-238.24397776204535,0.26,642.381416,29318.9292,0.02,0.19999999999999996
172,1228.24,-237.50677898167942,0.28,348.42426400000005,29327.1912,0.03,0.19999999999999996
173,1223.66,-237.62526625542824,0.3,56.56669599999996,29177.332599999998,0.04,0.19999999999999996
174,1193.0,-223.2219007288902,1.2,-169.3898000000001,27247.796000000002,0.04999999999999999,0.19999999999999996
175,1216.54,-232.26210531880474,0.62,-498.8068999999999,28589.115,0.06,0.19999999999999996
176,1197.88,-226.29873175685924,1.12,-721.6158720000001,27421.369600000005,0.07,0.19999999999999996
177,1153.1,-213.72260176296,2.58,-857.565136,25133.3142,0.08,0.19999999999999996
178,1141.88,-209.17073768749265,2.46,-1067.8853199999999,24552.947999999993,0.08999999999999998,0.19999999999999996
179,1127.08,-203.3820623825593,3.58,-1206.85324,23339.3324,0.09999999999999998,0.19999999999999996
180,914.5,-126.32102486155118,12.34,-1411.7162799999996,11631.081400000001,0.19999999999999996,0.19999999999999996
181,839.72,-85.50977122919895,19.16,-1340.1254800000004,7266.151599999999,0.30000000000000004,0.19999999999999996
182,791.1,-65.3198684519505,20.8,-1341.9692000000002,5332.672999999999,0.3999999999999999,0.19999999999999996
183,752.1,-56.05123392143626,23.38,-1488.2521,4480.7042,0.5,0.19999999999999996
184,761.26,-55.651715689272294,22.38,-1892.1971600000004,4422.4286,0.6000000000000001,0.19999999999999996
185,791.04,-53.82882288467968,25.84,-2285.98192,4395.7456,0.7000000000000002,0.19999999999999996
186,742.22,-49.208990322079856,24.42,-2272.93152,3768.9393999999993,0.7999999999999998,0.19999999999999996
187,689.92,-47.76255166242584,21.42,-2391.0960800000003,3423.3512,0.9,0.19999999999999996
188,626.78,-43.432853817672076,19.04,-2306.3698,2933.1498000000006,1.0,0.19999999999999996
189,401.1,-25.383846143149018,10.28,-1754.8763999999996,1077.9882,2.0,0.19999999999999996
190,126.6,-4.902401049202339,4.48,-274.78000000000003,80.27600000000001,5.0,0.19999999999999996
191,42.52,-2.760906751264434,1.5,-90.27199999999998,13.279199999999998,10.0,0.19999999999999996
192,1243.56,-281.4840596161422,0.04,1243.56,35034.9044,0.0,0.5
193,1243.86,-283.0528229747925,0.0,1208.6294386,35230.5614,0.001,0.5
194,1237.24,-277.6394237501798,0.78,1167.9297136,34655.1432,0.002,0.5
195,1250.9,-284.0579068528994,0.02,1144.2086642,35563.778600000005,0.003,0.5
196,1231.06,-277.8851348000973,0.32,1093.6235031999997,34359.124200000006,0.004,0.5
197,1225.58,-270.09565220336987,1.14,1058.163001,33483.39979999999,0.005,0.5
198,1235.06,-275.5905214910899,0.56,1029.7596812,34216.7198,0.006,0.5
199,1235.12,-276.7507498076024,0.34,994.7149764000001,34343.5748,0.007000000000000001,0.5
200,1231.22,-275.70135887743197,0.28,958.7689456,34056.3818,0.008,0.5
201,1231.84,-277.5835687847805,0.48,921.3267087999999,34501.476800000004,0.009000000000000001,0.5
202,1232.48,-279.3631398670783,0.14,887.8053,34467.469999999994,0.01,0.5
203,1237.72,-277.05250757447203,0.82,547.202616,34525.8692,0.02,0.5
204,1246.62,-283.61338477524765,0.06,184.43364600000004,35406.2118,0.03,0.5
205,1201.82,-262.63072726892614,1.44,-75.92300000000006,31943.575,0.04,0.5
206,1182.6,-257.41726132830377,1.42,-362.65008,30905.001600000003,0.04999999999999999,0.5
207,1183.08,-257.44249175100185,1.1,-659.5987439999999,30711.31239999999,0.06,0.5
208,1141.54,-246.48746823546466,1.76,-851.7062900000003,28474.947,0.07,0.5
209,1115.68,-235.82150623517623,2.06,-1011.932832,26595.1604,0.08,0.5
210,1091.46,-230.9871065123007,1.48,-1217.6616659999997,25656.907399999996,0.08999999999999998,0.5
211,1131.28,-240.69311160128547,1.84,-1621.8032799999999,27530.832800000004,0.09999999999999998,0.5
212,903.38,-131.73511923087065,9.8,-1495.80588,11995.9294,0.19999999999999996,0.5
213,844.6,-69.46789496376026,23.58,-907.6839200000004,5840.9464,0.30000000000000004,0.5
214,807.46,-45.940435389347485,29.52,-669.5052000000001,3692.4130000000005,0.3999999999999999,0.5
215,831.24,-25.344866645779835,43.96,-204.8768,2072.2336,0.5,0.5
216,852.4,-19.483978936915555,47.32,-137.47832000000014,1649.7972,0.6000000000000001,0.5
217,856.92,-16.228226088452733,51.98,-102.95556000000006,1371.2507999999998,0.7000000000000002,0.5
218,864.82,-15.093034596768907,55.48,-163.99072000000004,1286.0134,0.7999999999999998,0.5
219,869.44,-11.623258130369175,58.52,-30.683480000000053,1000.1371999999999,0.9,0.5
220,884.66,-10.608166813307978,63.44,-39.90699999999999,924.5669999999998,1.0,0.5
221,950.92,-0.7062789187524052,82.0,817.3848000000002,66.7676,2.0,0.5
222,827.48,-0.1505769842901886,75.42,768.9579999999999,11.704399999999998,5.0,0.5
223,662.7,-0.10424493949291297,61.12,597.498,6.5202,10.0,0.5
224,1246.0,-288.7684463118516,0.12,1246.0,36002.9824,0.0,0.7000000000000002
225,1250.22,-288.38122909565027,0.0,1214.1547814,36065.2186,0.001,0.7000000000000002
226,1249.14,-289.61539500770436,0.26,1176.7449691999998,36197.515400000004,0.002,0.7000000000000002
227,1240.76,-287.5699949318561,0.1,1133.6555180000003,35701.494000000006,0.003,0.7000000000000002
228,1247.9,-287.9850904041995,0.0,1104.0858727999998,35953.5318,0.004,0.7000000000000002
229,1245.08,-286.86848995219464,0.0,1066.445808,35726.8384,0.005,0.7000000000000002
230,1251.46,-289.11913240430766,0.0,1034.3068348,36192.194200000005,0.006,0.7000000000000002
231,1241.84,-286.74181519264647,0.22,992.4521536,35626.8352,0.007000000000000001,0.7000000000000002
232,1251.4,-288.7132253813115,0.0,962.256144,36142.982,0.008,0.7000000000000002
233,1251.72,-289.04483672918207,0.08,925.9027344000001,36201.918399999995,0.009000000000000001,0.7000000000000002
234,1242.52,-287.62488961490175,0.14,884.938896,35758.1104,0.01,0.7000000000000002
235,1250.02,-289.1605099973609,0.0,526.906764,36155.6618,0.02,0.7000000000000002
236,1248.32,-287.6945242090337,0.0,170.56660400000007,35925.1132,0.03,0.7000000000000002
237,1244.28,-287.4661110204301,0.0,-186.983936,35781.598399999995,0.04,0.7000000000000002
238,1253.32,-289.2353093843907,0.0,-560.4109000000001,36274.617999999995,0.04999999999999999,0.7000000000000002
239,1248.3,-287.5531930167461,0.0,-906.1141319999999,35906.902200000004,0.06,0.7000000000000002
240,1241.48,-287.8128761247665,0.32,-1262.2822400000002,35768.032,0.07,0.7000000000000002
241,1247.92,-288.3684933935239,0.0,-1632.69792,36007.724,0.08,0.7000000000000002
242,1251.76,-289.14300060176123,0.0,-2006.5232119999998,36203.1468,0.08999999999999998,0.7000000000000002
243,1252.06,-288.8290631421852,0.0,-2365.4760600000004,36175.36060000001,0.09999999999999998,0.7000000000000002
244,1248.06,-286.52449154417434,0.42,-5912.28764,35801.7382,0.19999999999999996,0.7000000000000002
245,1211.88,-268.8352786800196,2.92,-8815.136760000001,33423.389200000005,0.30000000000000004,0.7000000000000002
246,1041.06,-158.60669867463986,21.42,-6255.094,18240.385,0.3999999999999999,0.7000000000000002
247,887.02,-64.1522573885155,41.86,-2478.3069,6730.6538,0.5,0.7000000000000002
248,871.22,-19.937024859605806,55.18,-194.40508000000017,1776.0418,0.6000000000000001,0.7000000000000002
249,848.54,-13.893530362623341,55.48,22.962380000000056,1179.3966,0.7000000000000002,0.7000000000000002
250,852.7,-14.155280642373947,57.0,2.9057399999999145,1213.9918,0.7000000000000002,0.7000000000000002
251,853.78,-9.84718289769332,59.86,183.61791999999997,837.7026000000001,0.7999999999999998,0.7000000000000002
252,866.18,-7.614000064263281,61.06,271.85437999999994,660.3617999999999,0.9,0.7000000000000002
253,848.0,-6.05942092114967,60.62,332.14160000000004,515.8584000000001,1.0,0.7000000000000002
254,935.98,-1.0222386478219803,79.0,745.4204,95.27980000000001,2.0,0.7000000000000002
255,953.0,-0.484847581841126,80.86,727.7339999999999,45.053200000000004,5.0,0.7000000000000002
256,902.4,-0.46715525201892044,75.38,499.78,40.262,10.0,0.7000000000000002
257,890.74,-161.4944208555826,3.3,890.74,15266.5294,0.0,1.0
258,866.36,-150.33003287388104,2.98,852.6128808,13747.1192,0.001,1.0
259,883.74,-152.16566237763686,2.82,855.1796555999999,14280.172199999999,0.002,1.0
260,890.56,-160.78324450662132,2.86,844.6099828000001,15316.6724,0.003,1.0
261,890.24,-158.01932076303115,2.9,830.2840719999999,14988.981999999996,0.004,1.0
262,849.92,-141.58124758774463,3.96,786.068788,12770.2424,0.005,1.0
263,849.74,-136.8981666028885,3.1,775.127642,12435.393,0.006,1.0
264,884.18,-161.5904697753673,2.68,778.6829313999998,15071.0098,0.007000000000000001,1.0
265,883.12,-156.23205956245604,2.14,765.0994816,14752.564799999998,0.008,1.0
266,894.94,-156.57273180670163,3.16,758.203099,15192.989000000003,0.009000000000000001,1.0
267,875.08,-148.98831375729065,4.54,736.942304,13813.769600000001,0.01,1.0
268,831.78,-129.1808817156266,3.7,608.940428,11141.978599999999,0.02,1.0
269,897.42,-159.1650138902089,2.8,446.66865000000007,15025.045,0.03,1.0
270,854.7,-139.99962493761495,5.32,331.06173599999994,13090.9566,0.04,1.0
271,927.68,-164.73028219423716,5.02,117.30545999999993,16207.490800000001,0.04999999999999999,1.0
272,869.58,-140.08253676541293,5.5,98.81830800000003,12846.028199999999,0.06,1.0
273,888.82,-141.75664355699098,7.4,-55.90407400000011,13496.058200000001,0.07,1.0
274,904.58,-149.23399529784393,5.92,-243.69547200000005,14353.4434,0.08,1.0
275,834.3,-128.22646524743607,9.38,-213.06479399999998,11637.3866,0.08999999999999998,1.0
276,859.48,-125.36102131725285,9.1,-301.6575600000001,11611.375600000001,0.09999999999999998,1.0
277,873.3,-128.46555223413094,16.56,-1550.0639600000002,12116.8198,0.19999999999999996,1.0
278,837.02,-86.79250951777274,25.9,-1455.4221400000004,7641.473799999999,0.30000000000000004,1.0
279,851.86,-46.69201630967495,44.7,-760.52792,4030.9698000000003,0.3999999999999999,1.0
280,869.04,-32.29914835083253,52.06,-549.0364,2836.1528000000003,0.5,1.0
281,863.94,-16.850917055699295,58.52,-22.546200000000116,1477.477,0.6000000000000001,1.0
282,852.32,-7.930057308584516,64.34,378.88059999999996,676.342,0.7000000000000002,1.0
283,859.84,-4.624018881662756,67.56,551.0448,385.994,0.7999999999999998,1.0
284,902.32,-2.521781023528708,74.1,701.93968,222.6448,0.9,1.0
285,903.6,-2.4442155629756166,74.96,689.9320000000001,213.66800000000003,1.0,1.0
286,913.2,-1.0518160374314933,76.76,721.5983999999999,95.8008,2.0,1.0
287,764.74,-0.28182918702289333,68.18,660.153,20.917399999999997,5.0,1.0
288,551.7,-0.26161769818229613,48.86,429.158,12.2542,10.0,1.0
289,1228.8,-287.1811009167222,0.04,1228.8,35346.9116,0.0,2.0
290,1242.34,-290.5989457940405,0.02,1206.2351781999998,36104.821800000005,0.001,2.0
291,1230.74,-286.811257257105,0.0,1160.08861,35325.695,0.002,2.0
292,1243.86,-289.64929704099717,0.0,1135.7372753999998,36040.9082,0.003,2.0
293,1243.74,-289.30288614257194,0.0,1099.7730792,35991.7302,0.004,2.0
294,1239.26,-288.9110644148243,0.0,1060.1271969999998,35826.5606,0.005,2.0
295,1247.5,-290.95968899740177,0.0,1029.5628628,36322.8562,0.006,2.0
296,1245.42,-290.01037361352485,0.0,992.4923866,36132.5162,0.007000000000000001,2.0
297,1214.62,-286.9680904868459,0.04,935.0870128000001,34941.6234,0.008,2.0
298,1244.78,-289.4429084465115,0.0,920.3965801999999,36042.6022,0.009000000000000001,2.0
299,1228.06,-289.0572998116229,0.1,872.67699,35538.301,0.01,2.0
300,1242.24,-289.00515881312816,0.0,523.94748,35914.626,0.02,2.0
301,1252.38,-291.2181182432495,0.0,157.85136599999998,36484.287800000006,0.03,2.0
302,1227.42,-287.1396375528634,0.04,-184.40466400000008,35295.616599999994,0.04,2.0
303,1247.38,-290.2406484013744,0.0,-563.2997700000001,36213.5954,0.04999999999999999,2.0
304,1233.82,-287.6209068378908,0.0,-896.8637719999999,35511.396199999996,0.06,2.0
305,1233.96,-287.7087952006586,0.0,-1252.4227240000002,35519.75319999999,0.07,2.0
306,1233.04,-287.2198608917661,0.04,-1603.5848319999998,35457.8104,0.08,2.0
307,1227.8,-285.35202894024485,0.14,-1948.744672,35294.940800000004,0.08999999999999998,2.0
308,1243.54,-289.3893057417015,0.0,-2356.34202,35998.8202,0.09999999999999998,2.0
309,1236.04,-287.1540456599176,0.0,-5865.62672,35508.333600000005,0.19999999999999996,2.0
310,1230.52,-284.5138791389108,0.38,-9371.46692,35339.9564,0.30000000000000004,2.0
311,1245.44,-289.6722024192664,0.0,-13188.9448,36085.962,0.3999999999999999,2.0
312,1233.18,-284.2227151989862,0.58,-16420.4311,35307.222200000004,0.5,2.0
313,1174.36,-257.3010392925811,4.4,-17813.588720000003,31646.5812,0.6000000000000001,2.0
314,1223.18,-278.9512403732538,1.58,-23036.70474,34656.978200000005,0.7000000000000002,2.0
315,1231.16,-283.4225921098851,0.6,-26925.592320000003,35195.94040000001,0.7999999999999998,2.0
316,1169.68,-250.34353369028085,6.38,-26413.377080000002,30647.841200000003,0.9,2.0
317,1106.62,-219.92510397628988,10.72,-25508.221800000003,26614.841800000002,1.0,2.0
318,729.22,-11.487324047145096,47.2,-956.5196000000001,842.8698,2.0,2.0
319,663.96,-1.9169463991655287,54.42,59.0,120.992,5.0,2.0
320,491.54,-0.940668838508026,42.36,91.57400000000001,39.9966,10.0,2.0
321,1158.82,-287.3884866800541,0.44,1158.82,33337.2838,0.0,5.0
322,1193.92,-285.2912336900273,0.38,1159.7633704000002,34156.62959999999,0.001,5.0
323,1220.96,-289.4526077181979,0.06,1150.2053488000001,35377.325600000004,0.002,5.0
324,1206.7,-286.7418508819473,0.08,1102.8151198,34628.293399999995,0.003,5.0
325,1209.08,-286.0523482409477,0.32,1070.4731952,34651.701199999996,0.004,5.0
326,1217.14,-288.1911503942076,0.02,1041.704355,35087.12899999999,0.005,5.0
327,1189.62,-285.36341336496383,0.14,985.5025356000001,34019.577399999995,0.006,5.0
328,1188.24,-286.25106026016687,0.22,949.8851196,34050.6972,0.007000000000000001,5.0
329,1208.32,-287.64551779939904,0.02,930.1307776,34773.652799999996,0.008,5.0
330,1221.92,-287.5737393288204,0.3,905.461532,35162.051999999996,0.009000000000000001,5.0
331,1207.22,-286.1299917926688,0.02,861.51277,34570.723,0.01,5.0
332,1178.98,-282.80060848936046,0.34,510.270172,33435.4914,0.02,5.0
333,1206.98,-287.6128802892034,0.3,164.19842600000007,34759.3858,0.03,5.0
334,1214.42,-284.7502678741701,0.38,-171.54525599999997,34649.1314,0.04,5.0
335,1195.96,-284.3152792519433,0.1,-509.0939000000001,34101.078,0.04999999999999999,5.0
336,1198.82,-287.737898912671,0.04,-871.5036759999999,34505.39459999999,0.06,5.0
337,1185.3,-282.36405856072315,0.62,-1164.400654,33567.1522,0.07,5.0
338,1194.28,-285.96614655973497,0.06,-1541.417312,34196.216400000005,0.08,5.0
339,1178.84,-282.0994605539218,0.66,-1824.3844359999996,33369.1604,0.08999999999999998,5.0
340,1188.78,-284.7558388238367,0.18,-2205.93022,33947.102199999994,0.09999999999999998,5.0
341,1186.72,-282.4596208532595,1.14,-5537.301040000002,33620.1052,0.19999999999999996,5.0
342,1196.5,-282.38919480137685,1.32,-8972.600660000002,33897.002199999995,0.30000000000000004,5.0
343,1179.84,-279.62420714553554,1.82,-12071.134079999998,33127.4352,0.3999999999999999,5.0
344,1106.58,-263.1979884206223,3.28,-13664.6957,29542.5514,0.5,5.0
345,1102.44,-256.5321766393253,5.2,-16185.284640000003,28812.874399999993,0.6000000000000001,5.0
346,1094.78,-252.2859981734499,9.42,-18576.33398,28101.591399999998,0.7000000000000002,5.0
347,1103.72,-258.50833576307275,6.08,-21975.52288,28849.053600000003,0.7999999999999998,5.0
348,1115.84,-260.00964944444047,6.68,-25292.3848,29342.472,0.9,5.0
349,1099.56,-240.88684648018807,9.54,-26479.7584,27579.3184,1.0,5.0
350,836.5,-27.595281165363126,57.98,-4647.898,2742.199000000001,2.0,5.0
351,817.4,-1.2672896127711446,68.94,301.694,103.14119999999998,5.0,5.0
352,766.2,-0.736378397279461,65.12,205.05599999999998,56.1144,10.0,5.0
353,990.98,-276.7495237502806,0.8,990.98,27694.558999999997,0.0,10.0
354,938.66,-269.8197937684093,1.26,912.9849658,25675.034200000006,0.001,10.0
355,965.54,-266.5016230054209,1.0,913.3344851999999,26102.7574,0.002,10.0
356,931.16,-258.231104922349,1.38,857.6641748000001,24498.608399999997,0.003,10.0
357,981.88,-266.29364617766447,0.8,875.2177792000001,26665.5552,0.004,10.0
358,978.54,-267.8436661939175,0.98,844.700503,26767.899400000006,0.005,10.0
359,963.84,-264.3807506650347,1.02,808.2840504000001,25925.991599999998,0.006,10.0
360,979.28,-265.63712868518337,1.02,794.3165864000001,26423.3448,0.007000000000000001,10.0
361,965.86,-258.56298135572547,1.36,761.0999824000002,25595.002200000003,0.008,10.0
362,983.64,-277.7095655922892,1.24,734.2619663999999,27708.670399999995,0.009000000000000001,10.0
363,972.2,-274.46445260096186,1.18,701.693456,27050.6544,0.01,10.0
364,964.5,-263.9594917525721,1.06,444.18330000000003,26015.834999999995,0.02,10.0
365,967.72,-266.0249408717437,0.78,182.635072,26169.4976,0.03,10.0
366,951.44,-264.2272057047775,1.1,-71.07192000000003,25562.798,0.04,10.0
367,982.96,-267.7427209739732,1.08,-356.5088800000001,26789.377600000003,0.04999999999999999,10.0
368,954.02,-257.88895507571164,1.42,-560.627404,25244.123399999997,0.06,10.0
369,960.42,-261.99201204125796,1.32,-833.260154,25624.002200000003,0.07,10.0
370,922.36,-264.0123763938581,1.56,-1054.6522560000003,24712.653200000004,0.08,10.0
371,1008.62,-267.6924563740854,1.34,-1459.2463299999997,27420.736999999997,0.08999999999999998,10.0
372,965.74,-268.9540972413933,1.16,-1671.7703000000004,26375.103,0.09999999999999998,10.0
373,902.06,-246.81028072881588,2.28,-3648.8634,22754.617000000002,0.19999999999999996,10.0
374,918.2,-243.8693794649835,2.54,-6010.86748,23096.891600000003,0.30000000000000004,10.0
375,1029.12,-260.3698905732974,2.26,-9935.02384,27410.359599999996,0.3999999999999999,10.0
376,942.96,-251.9908713787988,3.34,-11206.6202,24299.1604,0.5,10.0
377,896.06,-230.0690779871081,7.56,-11844.19876,21233.7646,0.6000000000000001,10.0
378,913.76,-232.2969111760218,7.26,-14359.91408,21819.5344,0.7000000000000002,10.0
379,908.36,-235.1873872651973,8.76,-16591.083199999997,21874.304,0.7999999999999998,10.0
380,945.72,-230.88909839491353,9.0,-19307.08944,22503.121600000002,0.9,10.0
381,938.18,-225.8975121624771,10.38,-20911.181399999998,21849.36139999999,1.0,10.0
382,949.86,-211.98731313336577,18.24,-40477.39639999999,20713.628199999996,2.0,10.0
383,847.02,-76.83025707029397,44.14,-33708.566999999995,6911.1174,5.0,10.0
384,810.3,-1.805242627531913,65.08,-660.914,147.12140000000002,10.0,10.0
